sequence,pred_plddt,pred_iptm
SLWETVQKWREYRRQCQRSLTEDPPPATDLFCNRTFDEYACWPDGEPGSFVNVSCPWYLPWASSVPQGHVYRFCTAEGLWLSLEVALELALALLRRLLELE,0.5029118026758996,0.19740424
SLWETVQKWREYRRQCQRSLTEDPPPATDLFCNRTFDEYACWPDGEPGSFVNVSCPWYLPWASSVPQGHVYRFCTAEGLWLSAAVAAELAAAALRAALEAA,0.518504748042142,0.44035813
SLWETVQKWREYRRQCQRSLTEDPPPATDLFCNRTFDEYACWPDGEPGSFVNVSCPWYLPWASSVPQGHVYRFCTAEGLWLAAEVAAALALALAALLALLA,0.5159442302349219,0.1313608
SLWETVQKWREYRRQCQRSLTEDPPPATDLFCNRTFDEYACWPDGEPGSFVNVSCPWYLPWASSVPQGHVYRFCTAEGLWLSEEVREELERLRRLLEELRR,0.5172175181533425,0.17675452
SLWETVQKWREYRRQCQRSLTEDPPPATDLFCNRTFDEYACWPDGEPGSFVNVSCPWYLPWASSVPQGHVYRFCTAEGLWLSEEVAAALAAAARLAEELAR,0.5039965796938229,0.3888176
SLWETVQKWREYRRQCQRSLTEDPPPATDLFCNRTFDEYACWPDGEPGSFVNVSCPWYLPWASSVPQGHVYRFCTAEGLWLSEEVAAALALALALAAAAAA,0.5378368527012465,0.2574938
SLWETVQKWREYRRQCQRSLTEDPPPATDLFCNRTFDEYACWPDGEPGSFVNVSCPWYLPWASSVPQGHVYRFCTAEGLWLAEEVRQELEEALRALEEALR,0.511742764561451,0.20482448
SLWETVQKWREYRRQCQRSLTEDPPPATDLFCNRTFDEYACWPDGEPGSFVNVSCPWYLPWASSVPQGHVYRFCTAEGLWLSEEVRRELLEALERARREAE,0.5190318171718635,0.2145026
SLWETVQKWREYRRQCQRSLTEDPPPATDLFCNRTFDEYACWPDGEPGSFVNVSCPWYLPWASSVPQGHVYRFCTAEGLWLSEEVREELLALLERLRRELE,0.5231242122939064,0.19262074
SLWETVQKWREYRRQCQRSLTEDPPPATDLFCNRTFDEYACWPDGEPGSFVNVSCPWYLPWASSVPQGHVYRFCTAEGLWLSEEVREELERLLRELEERRR,0.5149587283838619,0.18104288
SLWETVQKWREYRRQCQRSLTEDPPPATDLFCNRTFDEYACWPDGEPGSFVNVSCPWYLPWASSVPQGHVYRFCTAEGLWLAAEVAAALAALAAALAAALA,0.5402667712265415,0.24737771
